{"cameraMode":{"drawMode":0,"name":"Shaded","section":"Shading Mode"},"sceneLighting":true,"audioPlay":false,"sceneViewState":{"showFog":true,"showMaterialUpdate":true,"showSkybox":true,"showFlares":true,"showImageEffects":true,"showParticleSystems":true},"in2DMode":false,"pivot":{"x":0.4984544813632965,"y":0.22215710580348969,"z":-0.7248247861862183},"rotation":{"x":0.012933921068906784,"y":0.9512431621551514,"z":-0.040271028876304629,"w":0.30555030703544619},"size":0.3512950539588928,"orthographic":false}