{"cameraMode":{"drawMode":0,"name":"Shaded","section":"Shading Mode"},"sceneLighting":true,"audioPlay":false,"sceneViewState":{"showFog":true,"showMaterialUpdate":false,"showSkybox":true,"showFlares":true,"showImageEffects":true,"showParticleSystems":true,"showVisualEffectGraphs":true,"m_FxEnabled":true},"in2DMode":false,"pivot":{"x":-1.946462631225586,"y":0.45076894760131838,"z":0.544316291809082},"rotation":{"x":-0.06836254149675369,"y":0.8972429633140564,"z":-0.14968658983707429,"w":-0.40974006056785586},"size":11.592510223388672,"orthographic":false}