{"cameraMode":{"drawMode":0,"name":"Shaded","section":"Shading Mode"},"sceneLighting":true,"audioPlay":false,"sceneViewState":{"showFog":true,"showMaterialUpdate":false,"showSkybox":true,"showFlares":true,"showImageEffects":true,"showParticleSystems":true,"showVisualEffectGraphs":true,"m_FxEnabled":true},"in2DMode":false,"pivot":{"x":-0.5685324668884277,"y":-1.2988953590393067,"z":0.052387237548828128},"rotation":{"x":-0.07928203046321869,"y":0.9022424817085266,"z":-0.18835505843162538,"w":-0.379743367433548},"size":11.592510223388672,"orthographic":false}