{"cameraMode":{"drawMode":0,"name":"Shaded","section":"Shading Mode"},"sceneLighting":true,"audioPlay":false,"sceneViewState":{"showFog":true,"showMaterialUpdate":false,"showSkybox":true,"showFlares":true,"showImageEffects":true,"showParticleSystems":true,"showVisualEffectGraphs":true,"m_FxEnabled":true},"in2DMode":false,"pivot":{"x":11.083523750305176,"y":1.016913890838623,"z":35.637969970703128},"rotation":{"x":-0.039412856101989749,"y":-0.13852998614311219,"z":0.005530884955078363,"w":-0.9895680546760559},"size":28.8522891998291,"orthographic":false}