{"cameraMode":{"drawMode":0,"name":"Shaded","section":"Shading Mode"},"sceneLighting":true,"audioPlay":false,"sceneViewState":{"showFog":true,"showMaterialUpdate":false,"showSkybox":true,"showFlares":true,"showImageEffects":true,"showParticleSystems":true,"showVisualEffectGraphs":true,"m_FxEnabled":true},"in2DMode":false,"pivot":{"x":-10.006195068359375,"y":0.6836471557617188,"z":8.214041709899903},"rotation":{"x":0.11708658933639527,"y":-0.6144009828567505,"z":0.09285768121480942,"w":0.7747140526771545},"size":14.349265098571778,"orthographic":false}