{"cameraMode":{"drawMode":0,"name":"Shaded","section":"Shading Mode"},"sceneLighting":true,"audioPlay":false,"sceneViewState":{"showFog":true,"showMaterialUpdate":true,"showSkybox":true,"showFlares":true,"showImageEffects":true,"showParticleSystems":true},"in2DMode":false,"pivot":{"x":-5.8744611740112309,"y":4.459707260131836,"z":1.7717838287353516},"rotation":{"x":-0.10074178874492645,"y":0.4658859074115753,"z":-0.05348841845989227,"w":-0.877463698387146},"size":19.15740203857422,"orthographic":false}