{"cameraMode":{"drawMode":0,"name":"Shaded","section":"Shading Mode"},"sceneLighting":true,"audioPlay":false,"sceneViewState":{"showFog":true,"showMaterialUpdate":false,"showSkybox":true,"showFlares":true,"showImageEffects":true,"showParticleSystems":true,"showVisualEffectGraphs":true,"m_FxEnabled":true},"in2DMode":false,"pivot":{"x":-113.86796569824219,"y":17.522171020507814,"z":61.43221664428711},"rotation":{"x":-0.044803764671087268,"y":0.7046462893486023,"z":-0.044669851660728458,"w":-0.7067453265190125},"size":109.65452575683594,"orthographic":false}