{"cameraMode":{"drawMode":0,"name":"Shaded","section":"Shading Mode"},"sceneLighting":true,"audioPlay":false,"sceneViewState":{"showFog":true,"showMaterialUpdate":false,"showSkybox":true,"showFlares":true,"showImageEffects":true,"showParticleSystems":true,"showVisualEffectGraphs":true,"m_FxEnabled":true},"in2DMode":false,"pivot":{"x":-15.215662002563477,"y":-2.9120588302612306,"z":-30.456180572509767},"rotation":{"x":0.020764851942658426,"y":-0.9678751826286316,"z":0.0852939784526825,"w":0.23562021553516389},"size":26.256208419799806,"orthographic":false}