{"cameraMode":{"drawMode":0,"name":"Shaded","section":"Shading Mode"},"sceneLighting":true,"audioPlay":false,"sceneViewState":{"showFog":true,"showMaterialUpdate":false,"showSkybox":true,"showFlares":true,"showImageEffects":true,"showParticleSystems":true,"showVisualEffectGraphs":true,"m_FxEnabled":true},"in2DMode":false,"pivot":{"x":12.857733726501465,"y":-1.7430081367492676,"z":24.571884155273439},"rotation":{"x":0.10181833803653717,"y":0.009846455417573452,"z":-0.0010078937048092485,"w":0.9947547316551209},"size":24.34237289428711,"orthographic":false}